edition_id;conference_id
e001;3329942
e002;3329942
e003;3329942
e004;3329942
e005;3329942
e006;3329942
e007;3329942
e008;3329984
e009;3329984
e010;3329984
e011;3329984
e012;3329984
e013;3329984
e014;3329984
e015;3329748
e016;3329748
e017;3329748
e018;3329748
e019;3329748
e020;3329748
e021;3329748